bus,Pmin,Pmax,Qmin,Qmax,c2,c1,c0
1,50,200,-100,100,0.00533,11.669,213.1
2,37.5,150,-100,100,0.00889,10.333,200
3,45,180,-100,100,0.00741,10.833,240
