FromBus,ToBus,Type,Value,W
2,0,V_i,1.0332091648691124,2.5
1,0,P_i,4.750014474340642,1.4285714285714286
1,2,P_L,-1.8489825062270628,0.9090909090909091
2,0,V_i,0.9479433572290695,2.5
1,0,P_i,1.000028374401106,1.4285714285714286
1,2,P_L,-1.353403791409724,0.9090909090909091
2,0,V_i,0.15256405549082672,2.5
1,0,P_i,1.7358146391595293,1.4285714285714286
1,2,P_L,-2.0845290132847207,0.9090909090909091
