FromBus,ToBus,Type,Value,W
2,0,V_i,0.13416285362176378,2.5
1,0,P_i,1.2110641593103897,1.4285714285714286
1,2,P_L,-5.0472795634849055,0.9090909090909091
2,0,V_i,0.13155500695838998,2.5
1,0,P_i,0.45712546810518717,1.4285714285714286
1,2,P_L,-4.271412086664073,0.9090909090909091
2,0,V_i,0.3628391735915787,2.5
1,0,P_i,2.4770386556927897,1.4285714285714286
1,2,P_L,-2.6721707821214316,0.9090909090909091
