FromBus,ToBus,Type,Value,W
2,0,V_i,0.2145798890869288,2.5
1,0,P_i,1.8709633293281045,1.4285714285714286
1,2,P_L,-0.20632839244346557,0.9090909090909091
2,0,V_i,0.29627564232364967,2.5
1,0,P_i,4.537625463930893,1.4285714285714286
1,2,P_L,0.39012636154169655,0.9090909090909091
2,0,V_i,0.3275643474947353,2.5
1,0,P_i,1.8257811700689737,1.4285714285714286
1,2,P_L,-1.5217103934712548,0.9090909090909091
