FromBus,ToBus,Type,Value,W
2,0,V_i,0.6657097244595785,2.5
1,0,P_i,1.89141431128018,1.4285714285714286
1,2,P_L,-2.123987617926236,0.9090909090909091
2,0,V_i,0.6825531624744348,2.5
1,0,P_i,4.504243815139943,1.4285714285714286
1,2,P_L,-2.5743303680790683,0.9090909090909091
2,0,V_i,-0.3532597086311796,2.5
1,0,P_i,1.2269408940778797,1.4285714285714286
1,2,P_L,-3.229604777444819,0.9090909090909091
