FromBus,ToBus,Type,Value,W
2,0,V_i,0.09527329847578528,2.5
1,0,P_i,1.4801867373822644,1.4285714285714286
1,2,P_L,-1.7540470792692648,0.9090909090909091
2,0,V_i,2.33825048926382,2.5
1,0,P_i,1.4460176842250487,1.4285714285714286
1,2,P_L,-0.4706305128986994,0.9090909090909091
2,0,V_i,-0.20242387828833938,2.5
1,0,P_i,1.9031446265434708,1.4285714285714286
1,2,P_L,-3.1244147169869723,0.9090909090909091
