FromBus,ToBus,Type,Value,W
2,0,V_i,0.8848744302190942,2.5
1,0,P_i,1.0494200350925493,1.4285714285714286
1,2,P_L,-1.1497051914749061,0.9090909090909091
2,0,V_i,0.00444773597068826,2.5
1,0,P_i,1.012987452138187,1.4285714285714286
1,2,P_L,-2.9457798158733226,0.9090909090909091
2,0,V_i,0.3434616175888878,2.5
1,0,P_i,1.2590727637276116,1.4285714285714286
1,2,P_L,-6.140302453216317,0.9090909090909091
