FromBus,ToBus,Type,Value,W
2,0,V_i,0.5964114458866084,2.5
1,0,P_i,1.274101167944051,1.4285714285714286
1,2,P_L,-1.83839305706775,0.9090909090909091
2,0,V_i,2.5278278162911656,2.5
1,0,P_i,1.6252468444532775,1.4285714285714286
1,2,P_L,-2.9690873558492274,0.9090909090909091
2,0,V_i,-0.3383872065807718,2.5
1,0,P_i,1.894814010830648,1.4285714285714286
1,2,P_L,-1.1294165296525438,0.9090909090909091
